Postcode,Income year,Average Income,Total Tax Payers,Total Number of Tax Help Offices,Individuals per Office
2000,2006,46922,16800,2,8400
2000,2011,39862,33435,2,16717
2000,2016,68607,24207,2,12103
2006,2006,46961,185,2,92
2006,2011,43030,125,2,62
2006,2016,82018,79,2,39
2007,2006,41917,2745,2,1372
2007,2011,46119,4435,2,2217
2007,2016,47039,4879,2,2439
2008,2006,45053,3230,0,0
2008,2011,49101,4410,0,0
2008,2016,82162,6025,0,0
2009,2006,61978,6455,0,0
2009,2011,73457,8895,0,0
2009,2016,84475,9763,0,0
2010,2006,58256,14090,3,4696
2010,2011,66504,18575,3,6191
2010,2016,83547,20638,3,6879
2011,2006,75848,10735,0,0
2011,2011,78567,13975,0,0
2011,2016,90741,15288,0,0
2015,2006,55641,4985,0,0
2015,2011,65056,6345,0,0
2015,2016,76455,7444,0,0
2016,2006,51447,5625,0,0
2016,2011,57434,7465,0,0
2016,2016,70431,8718,0,0
2017,2006,48653,4630,0,0
2017,2011,54488,7775,0,0
2017,2016,65509,14025,0,0
2018,2006,42684,5945,1,5945
2018,2011,47557,7980,1,7980
2018,2016,56376,9425,1,9425
2019,2006,48083,4335,0,0
2019,2011,52850,5365,0,0
2019,2016,63033,6578,0,0
2020,2006,42639,4955,0,0
2020,2011,48516,7000,0,0
2020,2016,57766,9856,0,0
2021,2006,90323,8780,0,0
2021,2011,102633,10205,0,0
2021,2016,123445,10987,0,0
2022,2006,67838,6305,2,3152
2022,2011,70371,8290,2,4145
2022,2016,85623,9078,2,4539
2023,2006,123686,5495,0,0
2023,2011,130502,6730,0,0
2023,2016,180411,7254,0,0
2024,2006,74886,5970,0,0
2024,2011,98541,6975,0,0
2024,2016,119591,7561,0,0
2025,2006,105209,4380,0,0
2025,2011,119945,5060,0,0
2025,2016,141867,5340,0,0
2026,2006,60039,17570,0,0
2026,2011,72228,22240,0,0
2026,2016,90539,24401,0,0
2027,2006,146282,4920,0,0
2027,2011,170113,5795,0,0
2027,2016,192500,5995,0,0
2028,2006,111997,2965,0,0
2028,2011,108806,3235,0,0
2028,2016,146521,3520,0,0
2029,2006,98532,5480,0,0
2029,2011,96609,6720,0,0
2029,2016,111140,7020,0,0
2030,2006,123276,7860,0,0
2030,2011,133891,9510,0,0
2030,2016,182828,9819,0,0
2031,2006,63740,18280,1,18280
2031,2011,73209,21525,1,21525
2031,2016,89076,23160,1,23160
2032,2006,47621,6675,1,6675
2032,2011,51362,8485,1,8485
2032,2016,60209,8418,1,8418
2033,2006,57399,5095,1,5095
2033,2011,62750,6640,1,6640
2033,2016,70289,7203,1,7203
2034,2006,62585,11470,0,0
2034,2011,70259,13240,0,0
2034,2016,91363,14469,0,0
2035,2006,51883,15075,1,15075
2035,2011,57400,19930,1,19930
2035,2016,71061,21300,1,21300
2036,2006,45736,11560,1,11560
2036,2011,51357,14960,1,14960
2036,2016,64025,16592,1,16592
2037,2006,60600,6895,0,0
2037,2011,68213,8495,0,0
2037,2016,77692,10248,0,0
2038,2006,67694,4765,1,4765
2038,2011,75399,5710,1,5710
2038,2016,92351,5999,1,5999
2039,2006,72254,4550,1,4550
2039,2011,83180,5345,1,5345
2039,2016,103106,5863,1,5863
2040,2006,60790,10180,0,0
2040,2011,69213,12715,0,0
2040,2016,86508,13258,0,0
2041,2006,91128,8895,0,0
2041,2011,102356,9980,0,0
2041,2016,120234,10970,0,0
2042,2006,52432,9620,1,9620
2042,2011,58668,12030,1,12030
2042,2016,69422,13060,1,13060
2043,2006,56367,3595,0,0
2043,2011,69289,4620,0,0
2043,2016,79927,5762,0,0
2044,2006,46111,3520,1,3520
2044,2011,51914,4640,1,4640
2044,2016,63982,5079,1,5079
2045,2006,63850,3250,0,0
2045,2011,71762,4000,0,0
2045,2016,97054,3974,0,0
2046,2006,59982,12680,1,12680
2046,2011,66802,15700,1,15700
2046,2016,79131,16470,1,16470
2047,2006,74381,6055,1,6055
2047,2011,77925,7275,1,7275
2047,2016,93341,7763,1,7763
2048,2006,55153,4090,1,4090
2048,2011,63132,4780,1,4780
2048,2016,75199,5157,1,5157
2049,2006,53425,5205,0,0
2049,2011,60648,6325,0,0
2049,2016,71177,7044,0,0
2050,2006,58850,3200,0,0
2050,2011,66256,4420,0,0
2050,2016,76065,5617,0,0
2060,2006,80846,7975,0,0
2060,2011,102539,9590,0,0
2060,2016,105336,10632,0,0
2061,2006,95587,3355,0,0
2061,2011,98058,3880,0,0
2061,2016,120032,4551,0,0
2062,2006,81520,3890,0,0
2062,2011,89971,4595,0,0
2062,2016,104823,4697,0,0
2063,2006,114083,3390,0,0
2063,2011,122075,4065,0,0
2063,2016,159735,4298,0,0
2064,2006,65434,5360,0,0
2064,2011,72283,6120,0,0
2064,2016,81928,6232,0,0
2065,2006,75319,15575,1,15575
2065,2011,82552,19105,1,19105
2065,2016,101074,21082,1,21082
2066,2006,79918,14515,0,0
2066,2011,85881,17515,0,0
2066,2016,97066,20273,0,0
2067,2006,61107,11540,2,5770
2067,2011,58939,15020,2,7510
2067,2016,68883,16593,2,8296
2068,2006,89137,8330,0,0
2068,2011,97355,9955,0,0
2068,2016,115139,10699,0,0
2069,2006,99016,7055,0,0
2069,2011,102371,8780,0,0
2069,2016,114867,9231,0,0
2070,2006,91183,6650,0,0
2070,2011,97626,8080,0,0
2070,2016,109617,8899,0,0
2071,2006,100840,6410,0,0
2071,2011,103253,8105,0,0
2071,2016,110527,8873,0,0
2072,2006,87026,3305,0,0
2072,2011,81589,4330,0,0
2072,2016,88977,5130,0,0
2073,2006,89422,8225,0,0
2073,2011,89243,10125,0,0
2073,2016,103138,10559,0,0
2074,2006,82406,11035,0,0
2074,2011,83885,13755,0,0
2074,2016,99066,14428,0,0
2075,2006,81184,9755,1,9755
2075,2011,79026,12635,1,12635
2075,2016,91382,13471,1,13471
2076,2006,76884,11830,0,0
2076,2011,78864,14965,0,0
2076,2016,90620,15335,0,0
2077,2006,49403,16670,1,16670
2077,2011,51487,21515,1,21515
2077,2016,58723,22931,1,22931
2079,2006,51904,3585,0,0
2079,2011,54215,4515,0,0
2079,2016,63423,4583,0,0
2080,2006,49382,885,0,0
2080,2011,58091,1075,0,0
2080,2016,59631,1083,0,0
2081,2006,53475,2625,0,0
2081,2011,55486,3270,0,0
2081,2016,64421,3394,0,0
2082,2006,52438,2795,0,0
2082,2011,53856,3285,0,0
2082,2016,62429,3313,0,0
2083,2006,48361,750,0,0
2083,2011,50447,950,0,0
2083,2016,61131,1005,0,0
2084,2006,76178,1900,0,0
2084,2011,88623,2270,0,0
2084,2016,91526,2426,0,0
2085,2006,61967,6185,0,0
2085,2011,61406,7215,0,0
2085,2016,71296,7207,0,0
2086,2006,60231,6680,0,0
2086,2011,63020,7990,0,0
2086,2016,74125,8313,0,0
2087,2006,62394,6260,0,0
2087,2011,64319,7390,0,0
2087,2016,79654,7770,0,0
2088,2006,126900,16070,1,16070
2088,2011,136751,18940,1,18940
2088,2016,161360,19753,1,19753
2089,2006,82501,7580,0,0
2089,2011,86349,8915,0,0
2089,2016,102762,8908,0,0
2090,2006,90970,7285,0,0
2090,2011,96163,8660,0,0
2090,2016,115354,9342,0,0
2092,2006,95884,3480,0,0
2092,2011,98743,4220,0,0
2092,2016,121568,4572,0,0
2093,2006,76509,10865,0,0
2093,2011,81555,13830,0,0
2093,2016,99122,14769,0,0
2094,2006,75803,3425,0,0
2094,2011,82250,3950,0,0
2094,2016,97135,4260,0,0
2095,2006,73169,9100,1,9100
2095,2011,83370,11115,1,11115
2095,2016,101518,12312,1,12312
2096,2006,60331,7865,0,0
2096,2011,72585,9495,0,0
2096,2016,90633,10021,0,0
2097,2006,59112,7445,0,0
2097,2011,65918,9320,0,0
2097,2016,76397,10270,0,0
2099,2006,49686,18975,1,18975
2099,2011,53702,24000,1,24000
2099,2016,64988,25910,1,25910
2100,2006,53582,9985,1,9985
2100,2011,57059,12670,1,12670
2100,2016,68885,13699,1,13699
2101,2006,55390,9250,1,9250
2101,2011,58274,11385,1,11385
2101,2016,69641,12553,1,12553
2102,2006,54582,2605,0,0
2102,2011,61899,3765,0,0
2102,2016,73662,4663,0,0
2103,2006,56437,5350,0,0
2103,2011,59378,6860,0,0
2103,2016,70372,7321,0,0
2104,2006,81786,1850,0,0
2104,2011,85626,2295,0,0
2104,2016,97021,2407,0,0
2105,2006,71590,1110,0,0
2105,2011,77679,1350,0,0
2105,2016,96571,1381,0,0
2106,2006,67147,4945,0,0
2106,2011,73213,6200,0,0
2106,2016,83860,6619,0,0
2107,2006,69227,7865,0,0
2107,2011,71010,9500,0,0
2107,2016,84775,10122,0,0
2108,2006,110127,1025,0,0
2108,2011,110066,1255,0,0
2108,2016,138382,1297,0,0
2110,2006,125176,4685,0,0
2110,2011,136549,5715,0,0
2110,2016,147756,6050,0,0
2111,2006,67381,7005,0,0
2111,2011,71516,8445,0,0
2111,2016,85889,9073,0,0
2112,2006,51771,12275,0,0
2112,2011,54615,16065,0,0
2112,2016,64493,19461,0,0
2113,2006,49740,8565,0,0
2113,2011,54561,10840,0,0
2113,2016,63502,12505,0,0
2114,2006,49652,9845,0,0
2114,2011,50898,13235,0,0
2114,2016,59141,15169,0,0
2115,2006,43378,3500,0,0
2115,2011,46120,5040,0,0
2115,2016,56336,5846,0,0
2116,2006,44116,2300,0,0
2116,2011,46715,3185,0,0
2116,2016,53458,3564,0,0
2117,2006,48280,8125,2,4062
2117,2011,47191,11140,2,5570
2117,2016,54881,11858,2,5929
2118,2006,49699,10285,0,0
2118,2011,48172,13380,0,0
2118,2016,55182,14516,0,0
2119,2006,73301,5925,0,0
2119,2011,73845,7170,0,0
2119,2016,83590,7489,0,0
2120,2006,57002,10635,1,10635
2120,2011,58009,12705,1,12705
2120,2016,67771,12854,1,12854
2121,2006,56295,12485,1,12485
2121,2011,56405,16120,1,16120
2121,2016,63651,17938,1,17938
2122,2006,50018,14135,1,14135
2122,2011,48599,18320,1,18320
2122,2016,55263,19253,1,19253
2125,2006,64906,8845,0,0
2125,2011,71057,10815,0,0
2125,2016,78356,11007,0,0
2126,2006,56161,9580,0,0
2126,2011,57764,11925,0,0
2126,2016,66268,11988,0,0
2127,2006,55375,2880,0,0
2127,2011,59381,5025,0,0
2127,2016,63997,8701,0,0
2128,2006,42646,575,0,0
2128,2011,43845,940,0,0
2128,2016,48729,1360,0,0
2130,2006,52252,3675,0,0
2130,2011,58112,4505,0,0
2130,2016,70985,4679,0,0
2131,2006,44025,10240,1,10240
2131,2011,45398,13740,1,13740
2131,2016,53730,14653,1,14653
2132,2006,49446,4560,0,0
2132,2011,52609,6025,0,0
2132,2016,62436,6209,0,0
2133,2006,44477,4550,1,4550
2133,2011,46962,5895,1,5895
2133,2016,57922,6303,1,6303
2134,2006,45003,5285,2,2642
2134,2011,43198,8215,2,4107
2134,2016,49368,9298,2,4649
2135,2006,54584,10640,0,0
2135,2011,54302,15445,0,0
2135,2016,65515,17028,0,0
2136,2006,44822,3560,0,0
2136,2011,47129,4435,0,0
2136,2016,57841,4559,0,0
2137,2006,57582,10700,1,10700
2137,2011,63104,14710,1,14710
2137,2016,73277,16667,1,16667
2138,2006,52719,4750,0,0
2138,2011,53727,8210,0,0
2138,2016,60277,11558,0,0
2140,2006,43455,4395,1,4395
2140,2011,45253,7715,1,7715
2140,2016,50342,9488,1,9488
2141,2006,38420,9425,0,0
2141,2011,38626,14255,0,0
2141,2016,44663,16374,0,0
2142,2006,37492,6875,1,6875
2142,2011,37554,10955,1,10955
2142,2016,43926,12651,1,12651
2143,2006,39723,2830,0,0
2143,2011,38484,3955,0,0
2143,2016,46046,4592,0,0
2144,2006,34463,9905,1,9905
2144,2011,31900,16805,1,16805
2144,2016,37952,18685,1,18685
2145,2006,43466,28885,0,0
2145,2011,45988,40325,0,0
2145,2016,54428,43325,0,0
2146,2006,43305,7715,1,7715
2146,2011,44831,9490,1,9490
2146,2016,52548,9890,1,9890
2147,2006,43896,16080,0,0
2147,2011,45821,19380,0,0
2147,2016,53102,19871,0,0
2148,2006,40333,23935,1,23935
2148,2011,41699,32400,1,32400
2148,2016,48382,34358,1,34358
2150,2006,38722,11115,3,3705
2150,2011,41330,16665,3,5555
2150,2016,51290,19415,3,6471
2151,2006,48025,8665,0,0
2151,2011,49535,11280,0,0
2151,2016,57034,11868,0,0
2152,2006,48516,3900,0,0
2152,2011,50652,5875,0,0
2152,2016,59792,6498,0,0
2153,2006,51386,26795,1,26795
2153,2011,53999,32905,1,32905
2153,2016,63623,34703,1,34703
2154,2006,57895,18655,1,18655
2154,2011,60382,23815,1,23815
2154,2016,68888,24777,1,24777
2155,2006,53580,17175,1,17175
2155,2011,57769,25325,1,25325
2155,2016,67212,32411,1,32411
2156,2006,66797,6535,0,0
2156,2011,69667,8115,0,0
2156,2016,97768,8694,0,0
2157,2006,53363,1725,0,0
2157,2011,51498,2225,0,0
2157,2016,63094,2344,0,0
2158,2006,73111,4240,0,0
2158,2011,75606,5475,0,0
2158,2016,89925,5653,0,0
2159,2006,61396,2420,0,0
2159,2011,60012,3200,0,0
2159,2016,69826,3243,0,0
2160,2006,38596,11980,0,0
2160,2011,39026,16850,0,0
2160,2016,45808,17577,0,0
2161,2006,38873,8915,1,8915
2161,2011,36692,12945,1,12945
2161,2016,43900,13431,1,13431
2162,2006,39441,6005,1,6005
2162,2011,38946,8160,1,8160
2162,2016,45877,8287,1,8287
2163,2006,35733,2655,0,0
2163,2011,34621,3685,0,0
2163,2016,40987,3549,0,0
2164,2006,41197,8160,1,8160
2164,2011,41493,9980,1,9980
2164,2016,50020,9514,1,9514
2165,2006,36579,12575,2,6287
2165,2011,35532,17360,2,8680
2165,2016,44199,16704,2,8352
2166,2006,35151,16105,6,2684
2166,2011,35119,23165,6,3860
2166,2016,42851,23453,6,3908
2167,2006,41739,3080,0,0
2167,2011,45238,4360,0,0
2167,2016,52693,5293,0,0
2168,2006,37630,14435,0,0
2168,2011,37978,19220,0,0
2168,2016,46527,18773,0,0
2170,2006,40726,35520,0,0
2170,2011,42633,47090,0,0
2170,2016,50609,49825,0,0
2171,2006,42718,13895,0,0
2171,2011,46693,16335,0,0
2171,2016,56250,19626,0,0
2172,2006,52066,550,0,0
2172,2011,57090,1115,0,0
2172,2016,68485,1599,0,0
2173,2006,46395,6335,0,0
2173,2011,51797,8105,0,0
2173,2016,59650,8424,0,0
2174,2006,45612,240,0,0
2174,2011,49874,280,0,0
2174,2016,59531,1356,0,0
2175,2006,41145,505,0,0
2175,2011,47485,920,0,0
2175,2016,61496,1085,0,0
2176,2006,39815,19920,0,0
2176,2011,41765,25120,0,0
2176,2016,50285,23994,0,0
2177,2006,37976,5705,0,0
2177,2011,38750,7590,0,0
2177,2016,47882,7572,0,0
2178,2006,45008,760,0,0
2178,2011,48650,1695,0,0
2178,2016,60407,2135,0,0
2179,2006,42687,1160,0,0
2179,2011,44084,2215,0,0
2179,2016,54298,3055,0,0
2190,2006,37101,7585,1,7585
2190,2011,36848,10850,1,10850
2190,2016,45841,11114,1,11114
2191,2006,42879,2195,0,0
2191,2011,42947,2985,0,0
2191,2016,53725,3197,0,0
2192,2006,38059,4740,0,0
2192,2011,38270,6480,0,0
2192,2016,45829,6734,0,0
2193,2006,45930,5995,0,0
2193,2011,48788,8050,0,0
2193,2016,60291,9039,0,0
2194,2006,34774,7900,2,3950
2194,2011,34897,11935,2,5967
2194,2016,41592,13119,2,6559
2195,2006,33878,7520,1,7520
2195,2011,32457,11890,1,11890
2195,2016,37980,12138,1,12138
2196,2006,37396,10400,0,0
2196,2011,37676,14740,0,0
2196,2016,44661,15030,0,0
2197,2006,40090,2955,0,0
2197,2011,40021,3975,0,0
2197,2016,47122,4029,0,0
2198,2006,43288,3840,0,0
2198,2011,43148,4685,0,0
2198,2016,51042,4425,0,0
2199,2006,38811,5440,0,0
2199,2011,38485,7745,0,0
2199,2016,45533,7981,0,0
2200,2006,38044,13510,2,6755
2200,2011,37276,19330,2,9665
2200,2016,44334,20077,2,10038
2203,2006,49007,6610,0,0
2203,2011,54477,8165,0,0
2203,2016,65530,8392,0,0
2204,2006,44609,10480,1,10480
2204,2011,49473,14220,1,14220
2204,2016,62058,15645,1,15645
2205,2006,42617,5455,0,0
2205,2011,44526,7625,0,0
2205,2016,51490,11853,0,0
2206,2006,46277,8385,0,0
2206,2011,50675,10475,0,0
2206,2016,63299,11087,0,0
2207,2006,44374,11455,0,0
2207,2011,46172,15095,0,0
2207,2016,54461,15419,0,0
2208,2006,43366,5215,1,5215
2208,2011,45385,6830,1,6830
2208,2016,56396,7166,1,7166
2209,2006,43301,6195,0,0
2209,2011,42850,8665,0,0
2209,2016,50629,9022,0,0
2210,2006,46983,12150,0,0
2210,2011,46945,15665,0,0
2210,2016,54497,16670,0,0
2211,2006,45709,7180,0,0
2211,2011,45665,9320,0,0
2211,2016,53122,9771,0,0
2212,2006,43621,5735,0,0
2212,2011,44880,7850,0,0
2212,2016,52900,8647,0,0
2213,2006,47580,9000,0,0
2213,2011,49452,11610,0,0
2213,2016,58294,12275,0,0
2214,2006,46492,2200,0,0
2214,2011,48076,2520,0,0
2214,2016,55748,2343,0,0
2216,2006,41363,11710,1,11710
2216,2011,42729,16310,1,16310
2216,2016,50934,17316,1,17316
2217,2006,45777,11420,0,0
2217,2011,47149,15295,0,0
2217,2016,55129,16783,0,0
2218,2006,43780,6620,0,0
2218,2011,44132,9180,0,0
2218,2016,50106,9907,0,0
2219,2006,51467,5600,0,0
2219,2011,56274,7215,0,0
2219,2016,65010,7898,0,0
2220,2006,40985,12150,1,12150
2220,2011,41295,17310,1,17310
2220,2016,46075,18954,1,18954
2221,2006,58920,7585,0,0
2221,2011,60100,9915,0,0
2221,2016,70220,10254,0,0
2222,2006,46418,5605,1,5605
2222,2011,47105,7325,1,7325
2222,2016,53659,7739,1,7739
2223,2006,55207,10020,1,10020
2223,2011,58232,12780,1,12780
2223,2016,67915,13223,1,13223
2224,2006,61075,6810,0,0
2224,2011,59254,8465,0,0
2224,2016,71112,8633,0,0
2225,2006,60584,2785,0,0
2225,2011,63707,3315,0,0
2225,2016,79848,3475,0,0
2226,2006,54063,6335,0,0
2226,2011,57615,7550,0,0
2226,2016,69158,7552,0,0
2227,2006,53390,7015,0,0
2227,2011,56555,8710,0,0
2227,2016,67047,8975,0,0
2228,2006,49796,8810,0,0
2228,2011,52998,10905,0,0
2228,2016,66027,11103,0,0
2229,2006,57995,13935,0,0
2229,2011,60254,17610,0,0
2229,2016,72981,18050,0,0
2230,2006,57991,15095,0,0
2230,2011,64458,18365,0,0
2230,2016,79351,19686,0,0
2231,2006,46580,1050,0,0
2231,2011,51093,1270,0,0
2231,2016,61983,1345,0,0
2232,2006,49788,16205,0,0
2232,2011,52282,19295,0,0
2232,2016,62451,20079,0,0
2233,2006,48616,15965,0,0
2233,2011,50755,18425,0,0
2233,2016,60136,18012,0,0
2234,2006,52699,16645,0,0
2234,2011,56369,20350,0,0
2234,2016,65146,20332,0,0
2250,2006,45484,30155,4,7538
2250,2011,45757,37740,4,9435
2250,2016,53444,37838,4,9459
2251,2006,44732,13925,2,6962
2251,2011,45591,18260,2,9130
2251,2016,55327,18567,2,9283
2256,2006,44296,5960,1,5960
2256,2011,43170,7585,1,7585
2256,2016,50813,7918,1,7918
2257,2006,44228,11005,0,0
2257,2011,41488,14650,0,0
2257,2016,49262,15488,0,0
2258,2006,46729,2360,0,0
2258,2011,47208,3040,0,0
2258,2016,58411,3136,0,0
2259,2006,41910,19780,0,0
2259,2011,42177,27770,0,0
2259,2016,50443,29681,0,0
2260,2006,50313,10730,0,0
2260,2011,51167,13660,0,0
2260,2016,63050,14597,0,0
2261,2006,39963,19920,1,19920
2261,2011,40621,28360,1,28360
2261,2016,49120,30177,1,30177
2262,2006,37638,6930,1,6930
2262,2011,39449,9390,1,9390
2262,2016,45925,9682,1,9682
2263,2006,38573,8095,0,0
2263,2011,38678,10455,0,0
2263,2016,45692,10941,0,0
2264,2006,41374,5130,1,5130
2264,2011,41046,6925,1,6925
2264,2016,49344,7337,1,7337
2265,2006,41299,1915,0,0
2265,2011,42540,2620,0,0
2265,2016,50934,2938,0,0
2267,2006,45472,1185,0,0
2267,2011,47250,1575,0,0
2267,2016,50667,1565,0,0
2278,2006,40646,1260,0,0
2278,2011,45671,1505,0,0
2278,2016,51891,1456,0,0
2280,2006,47657,11635,1,11635
2280,2011,49369,15065,1,15065
2280,2016,56457,15094,1,15094
2281,2006,42397,5335,1,5335
2281,2011,43758,7100,1,7100
2281,2016,52957,7424,1,7424
2282,2006,49811,7235,0,0
2282,2011,51140,9060,0,0
2282,2016,60264,8921,0,0
2283,2006,46280,9890,1,9890
2283,2011,47070,12865,1,12865
2283,2016,53936,12624,1,12624
2284,2006,42320,4085,1,4085
2284,2011,45115,5645,1,5645
2284,2016,50959,5602,1,5602
2285,2006,41908,11560,0,0
2285,2011,46551,15485,0,0
2285,2016,53209,16702,0,0
2286,2006,39736,1540,0,0
2286,2011,45063,1935,0,0
2286,2016,49727,2086,0,0
2287,2006,43005,14210,1,14210
2287,2011,45898,18565,1,18565
2287,2016,52981,19541,1,19541
2289,2006,46017,8630,0,0
2289,2011,48317,11305,0,0
2289,2016,57590,11330,0,0
2290,2006,45459,14725,2,7362
2290,2011,48867,19025,2,9512
2290,2016,56003,18987,2,9493
2291,2006,57147,7125,0,0
2291,2011,64574,8770,0,0
2291,2016,78210,8878,0,0
2292,2006,41966,1010,0,0
2292,2011,47327,1360,0,0
2292,2016,56171,1451,0,0
2293,2006,42331,1140,0,0
2293,2011,51011,1455,0,0
2293,2016,58949,1661,0,0
2294,2006,41796,765,0,0
2294,2011,46458,1085,0,0
2294,2016,55132,1143,0,0
2295,2006,41897,1995,0,0
2295,2011,48867,2840,0,0
2295,2016,56607,3431,0,0
2296,2006,39680,600,0,0
2296,2011,45028,1020,0,0
2296,2016,54208,1107,0,0
2297,2006,40471,595,0,0
2297,2011,42989,840,0,0
2297,2016,52562,900,0,0
2298,2006,39278,3505,0,0
2298,2011,42393,4645,0,0
2298,2016,50250,4695,0,0
2299,2006,42939,4190,0,0
2299,2011,45147,5620,0,0
2299,2016,51855,5659,0,0
2300,2006,59851,5210,0,0
2300,2011,63713,6910,0,0
2300,2016,77920,7351,0,0
2302,2006,40827,170,0,0
2302,2011,51360,280,0,0
2302,2016,56050,393,0,0
2303,2006,50182,4065,1,4065
2303,2011,55239,5245,1,5245
2303,2016,65895,5216,1,5216
2304,2006,39677,5845,0,0
2304,2011,43480,7930,0,0
2304,2016,50622,8005,0,0
2305,2006,52111,5890,0,0
2305,2011,56080,7365,0,0
2305,2016,64681,7486,0,0
2306,2006,31083,720,0,0
2306,2011,32146,1030,0,0
2306,2016,39853,887,0,0
2307,2006,38675,1305,0,0
2307,2011,39197,1805,0,0
2307,2016,44530,1840,0,0
2311,2006,39601,345,0,0
2311,2011,37878,490,0,0
2311,2016,42092,499,0,0
2312,2006,34474,495,0,0
2312,2011,31950,715,0,0
2312,2016,38691,753,0,0
2315,2006,44142,5230,0,0
2315,2011,42168,7670,0,0
2315,2016,50766,8081,0,0
2316,2006,39409,2210,0,0
2316,2011,42341,3100,0,0
2316,2016,48743,3149,0,0
2317,2006,43963,2345,0,0
2317,2011,42181,3370,0,0
2317,2016,49443,3474,0,0
2318,2006,44082,4935,0,0
2318,2011,46523,6395,0,0
2318,2016,54040,6770,0,0
2319,2006,39943,2155,0,0
2319,2011,39441,3065,0,0
2319,2016,46613,3074,0,0
2320,2006,49056,11155,1,11155
2320,2011,54428,15990,1,15990
2320,2016,58541,18472,1,18472
2321,2006,48712,4615,0,0
2321,2011,53184,6340,0,0
2321,2016,57516,8091,0,0
2322,2006,43542,7580,0,0
2322,2011,46784,9570,0,0
2322,2016,53181,10097,0,0
2323,2006,45594,10630,0,0
2323,2011,47976,13975,0,0
2323,2016,54606,13777,0,0
2324,2006,41569,8670,1,8670
2324,2011,42012,12055,1,12055
2324,2016,48597,11768,1,11768
2325,2006,43083,8955,1,8955
2325,2011,45112,12495,1,12495
2325,2016,51542,12663,1,12663
2326,2006,39250,2510,0,0
2326,2011,42546,3450,0,0
2326,2016,48822,3345,0,0
2327,2006,40139,2800,0,0
2327,2011,42699,3530,0,0
2327,2016,46741,3496,0,0
2328,2006,55276,1075,1,1075
2328,2011,49014,1345,1,1345
2328,2016,56817,1306,1,1306
2329,2006,41587,765,0,0
2329,2011,40672,1065,0,0
2329,2016,46225,1047,0,0
2330,2006,54225,9215,1,9215
2330,2011,61532,11915,1,11915
2330,2016,68440,11331,1,11331
2333,2006,51852,5465,1,5465
2333,2011,56984,7310,1,7310
2333,2016,64296,6903,1,6903
2334,2006,43326,920,0,0
2334,2011,50341,1350,0,0
2334,2016,56174,1429,0,0
2335,2006,49417,2235,0,0
2335,2011,55520,3180,0,0
2335,2016,64849,3421,0,0
2336,2006,46978,1150,0,0
2336,2011,52959,1480,0,0
2336,2016,60933,1376,0,0
2337,2006,52478,3425,1,3425
2337,2011,51239,4510,1,4510
2337,2016,57626,4607,1,4607
2338,2006,40832,515,0,0
2338,2011,36158,670,0,0
2338,2016,42657,675,0,0
2339,2006,41607,280,0,0
2339,2011,35459,405,0,0
2339,2016,44941,418,0,0
2340,2006,41502,19610,3,6536
2340,2011,42057,26150,3,8716
2340,2016,49230,27364,3,9121
2341,2006,38919,520,0,0
2341,2011,37681,665,0,0
2341,2016,41833,642,0,0
2342,2006,40453,180,0,0
2342,2011,34720,270,0,0
2342,2016,39661,272,0,0
2343,2006,41135,1965,0,0
2343,2011,39335,2715,0,0
2343,2016,49264,2669,0,0
2344,2006,39087,285,0,0
2344,2011,37543,395,0,0
2344,2016,46104,445,0,0
2345,2006,36854,325,0,0
2345,2011,37506,440,0,0
2345,2016,45533,449,0,0
2346,2006,35065,995,0,0
2346,2011,33867,1460,0,0
2346,2016,41180,1391,0,0
2347,2006,33933,655,0,0
2347,2011,32954,885,0,0
2347,2016,40762,853,0,0
2350,2006,41105,10455,0,0
2350,2011,42217,13625,0,0
2350,2016,49042,13853,0,0
2352,2006,36188,1060,0,0
2352,2011,37768,1415,0,0
2352,2016,46421,1454,0,0
2353,2006,34126,370,0,0
2353,2011,35653,545,0,0
2353,2016,43572,553,0,0
2354,2006,39836,1575,0,0
2354,2011,35212,2180,0,0
2354,2016,41134,2163,0,0
2355,2006,33387,205,0,0
2355,2011,33540,285,0,0
2355,2016,37538,315,0,0
2357,2006,38480,1545,0,0
2357,2011,36257,2095,0,0
2357,2016,46084,1971,0,0
2358,2006,38376,1605,1,1605
2358,2011,34836,2115,1,2115
2358,2016,41497,2099,1,2099
2359,2006,30426,245,0,0
2359,2011,25555,385,0,0
2359,2016,33513,373,0,0
2360,2006,37003,5245,1,5245
2360,2011,35542,7210,1,7210
2360,2016,43684,7268,1,7268
2361,2006,30629,225,0,0
2361,2011,25367,410,0,0
2361,2016,33253,385,0,0
2365,2006,34946,1355,0,0
2365,2011,33207,1995,0,0
2365,2016,39304,1945,0,0
2369,2006,31263,265,0,0
2369,2011,28751,350,0,0
2369,2016,37317,332,0,0
2370,2006,36283,2810,1,2810
2370,2011,33476,3950,1,3950
2370,2016,38669,3708,1,3708
2371,2006,34831,350,0,0
2371,2011,28033,540,0,0
2371,2016,32355,530,0,0
2372,2006,34609,1695,0,0
2372,2011,31693,2605,0,0
2372,2016,36408,2478,0,0
2379,2006,37707,150,0,0
2379,2016,77295,209,0,0
2380,2006,39608,3920,1,3920
2380,2011,43556,5525,1,5525
2380,2016,54990,5608,1,5608
2381,2006,40567,465,0,0
2381,2011,52710,635,0,0
2381,2016,48312,612,0,0
2382,2006,34865,465,0,0
2382,2011,40312,700,0,0
2382,2016,47914,678,0,0
2386,2006,33782,170,0,0
2386,2011,42220,200,0,0
2386,2016,23641,216,0,0
2387,2006,45019,90,0,0
2387,2016,12003,135,0,0
2388,2006,50876,1195,0,0
2388,2011,40139,1560,0,0
2388,2016,45084,1389,0,0
2390,2006,41272,3820,0,0
2390,2011,42469,4860,0,0
2390,2016,51779,4801,0,0
2395,2006,32959,210,0,0
2395,2011,30509,280,0,0
2395,2016,36159,261,0,0
2396,2006,35129,285,0,0
2396,2011,32867,460,0,0
2396,2016,40638,397,0,0
2397,2006,40753,195,0,0
2397,2011,48358,280,0,0
2397,2016,53597,246,0,0
2399,2006,51505,255,0,0
2399,2011,41099,330,0,0
2399,2016,52503,334,0,0
2400,2006,43355,4735,1,4735
2400,2011,46717,5770,1,5770
2400,2016,52551,5489,1,5489
2401,2006,35037,125,0,0
2401,2011,33439,175,0,0
2401,2016,38651,169,0,0
2402,2006,35503,705,0,0
2402,2011,36295,945,0,0
2402,2016,41473,897,0,0
2403,2006,30617,235,0,0
2403,2011,23767,370,0,0
2403,2016,32262,359,0,0
2404,2006,34976,600,0,0
2404,2011,28946,830,0,0
2404,2016,38247,844,0,0
2405,2006,39879,245,0,0
2405,2011,38152,300,0,0
2405,2016,70357,290,0,0
2408,2006,45268,145,0,0
2408,2011,37110,230,0,0
2408,2016,61416,232,0,0
2409,2006,48432,240,0,0
2409,2011,36874,375,0,0
2409,2016,51418,284,0,0
2410,2006,34446,75,0,0
2410,2011,34609,125,0,0
2410,2016,57657,107,0,0
2415,2006,36930,115,0,0
2415,2011,36010,170,0,0
2415,2016,39494,186,0,0
2420,2006,39672,1560,1,1560
2420,2011,38777,2070,1,2070
2420,2016,43679,2080,1,2080
2421,2006,44994,685,0,0
2421,2011,48933,955,0,0
2421,2016,54665,1076,0,0
2422,2006,39984,1990,1,1990
2422,2011,35888,2880,1,2880
2422,2016,40140,2704,1,2704
2423,2006,38242,1055,0,0
2423,2011,35450,1515,0,0
2423,2016,39806,1427,0,0
2424,2006,32241,130,0,0
2424,2011,29404,205,0,0
2424,2016,31942,186,0,0
2425,2006,39625,620,0,0
2425,2011,38202,955,0,0
2425,2016,49064,953,0,0
2426,2006,34992,220,0,0
2426,2011,33374,290,0,0
2426,2016,39915,315,0,0
2427,2006,37923,635,0,0
2427,2011,34848,1045,0,0
2427,2016,41280,1346,0,0
2428,2006,39069,8195,1,8195
2428,2011,35414,11290,1,11290
2428,2016,45159,11302,1,11302
2429,2006,35825,3705,1,3705
2429,2011,33629,4935,1,4935
2429,2016,39140,4710,1,4710
2430,2006,38381,12085,1,12085
2430,2011,36832,15995,1,15995
2430,2016,43692,15966,1,15966
2431,2006,35607,1610,1,1610
2431,2011,33069,2380,1,2380
2431,2016,41501,2405,1,2405
2439,2006,34486,690,1,690
2439,2011,33856,1085,1,1085
2439,2016,42328,1368,1,1368
2440,2006,36185,7130,1,7130
2440,2011,34084,9855,1,9855
2440,2016,40626,9727,1,9727
2441,2006,35915,2295,1,2295
2441,2011,35386,3145,1,3145
2441,2016,42249,2450,1,2450
2443,2006,36725,3005,1,3005
2443,2011,30975,4335,1,4335
2443,2016,38722,4135,1,4135
2444,2006,40418,16830,1,16830
2444,2011,40067,23695,1,23695
2444,2016,48592,24975,1,24975
2445,2006,38844,2215,0,0
2445,2011,37988,3335,0,0
2445,2016,45103,3584,0,0
2446,2006,37338,4530,1,4530
2446,2011,36296,6560,1,6560
2446,2016,43527,6869,1,6869
2447,2006,36065,2300,1,2300
2447,2011,32860,3495,1,3495
2447,2016,39987,3582,1,3582
2448,2006,34589,2645,1,2645
2448,2011,33772,3885,1,3885
2448,2016,40820,3924,1,3924
2449,2006,33401,675,1,675
2449,2011,28525,990,1,990
2449,2016,35336,960,1,960
2450,2006,39153,15930,2,7965
2450,2011,39595,21960,2,10980
2450,2016,47397,24020,2,12010
2452,2006,35680,5555,1,5555
2452,2011,35722,7925,1,7925
2452,2016,44475,7737,1,7737
2453,2006,35551,1075,0,0
2453,2011,30598,1535,0,0
2453,2016,36827,1517,0,0
2454,2006,35164,2715,1,2715
2454,2011,35249,3950,1,3950
2454,2016,43162,4041,1,4041
2455,2006,36372,1130,1,1130
2455,2011,34353,1550,1,1550
2455,2016,43941,1545,1,1545
2456,2006,35951,4960,1,4960
2456,2011,34823,7615,1,7615
2456,2016,41550,8569,1,8569
2460,2006,38181,10375,1,10375
2460,2011,35688,14520,1,14520
2460,2016,42866,13800,1,13800
2462,2006,33698,805,0,0
2462,2011,30669,1150,0,0
2462,2016,38915,1039,0,0
2463,2006,36573,2350,0,0
2463,2011,33595,3605,0,0
2463,2016,40906,3659,0,0
2464,2006,38253,2400,1,2400
2464,2011,32881,3530,1,3530
2464,2016,42282,3528,1,3528
2465,2006,37051,150,0,0
2465,2011,37791,205,0,0
2465,2016,42701,187,0,0
2466,2006,33080,420,0,0
2466,2011,28042,690,0,0
2466,2016,35562,682,0,0
2469,2006,33169,1145,0,0
2469,2011,28806,1725,0,0
2469,2016,34947,1727,0,0
2470,2006,34804,5170,1,5170
2470,2011,33826,7180,1,7180
2470,2016,40574,7163,1,7163
2471,2006,33943,840,0,0
2471,2011,29991,1170,0,0
2471,2016,38020,1173,0,0
2472,2006,34071,785,0,0
2472,2011,34858,1035,0,0
2472,2016,40049,1053,0,0
2473,2006,37064,985,0,0
2473,2011,35609,1330,0,0
2473,2016,44524,1455,0,0
2474,2006,37656,2285,0,0
2474,2011,32392,3280,0,0
2474,2016,38006,3097,0,0
2475,2006,32407,140,0,0
2475,2011,28795,170,0,0
2475,2016,30888,174,0,0
2476,2006,35838,270,0,0
2476,2011,30303,375,0,0
2476,2016,38696,350,0,0
2477,2006,40927,4990,0,0
2477,2011,37127,6730,0,0
2477,2016,46464,6874,0,0
2478,2006,39969,11275,1,11275
2478,2011,39768,15495,1,15495
2478,2016,48261,16612,1,16612
2479,2006,41609,1905,0,0
2479,2011,44083,2800,0,0
2479,2016,52502,3201,0,0
2480,2006,37081,18375,2,9187
2480,2011,37182,24530,2,12265
2480,2016,44126,23925,2,11962
2481,2006,42682,4820,1,4820
2481,2011,38399,7260,1,7260
2481,2016,50783,8676,1,8676
2482,2006,35561,2470,1,2470
2482,2011,33542,3550,1,3550
2482,2016,39471,3817,1,3817
2483,2006,34929,3745,0,0
2483,2011,34520,5570,0,0
2483,2016,41721,6180,0,0
2484,2006,36453,6915,1,6915
2484,2011,35863,9470,1,9470
2484,2016,42456,9859,1,9859
2485,2006,37511,5100,1,5100
2485,2011,36051,6905,1,6905
2485,2016,45002,7190,1,7190
2486,2006,38097,11530,1,11530
2486,2011,37241,15810,1,15810
2486,2016,45559,16425,1,16425
2487,2006,42142,3985,0,0
2487,2011,43637,6065,0,0
2487,2016,58990,7441,0,0
2488,2006,38070,1330,0,0
2488,2011,37954,1805,0,0
2488,2016,45961,1973,0,0
2489,2006,37965,1730,1,1730
2489,2011,38069,3180,1,3180
2489,2016,46796,3827,1,3827
2490,2006,39151,265,0,0
2490,2011,39065,405,0,0
2490,2016,51399,415,0,0
2500,2006,47067,14950,0,0
2500,2011,47295,19670,0,0
2500,2016,55470,21121,0,0
2502,2006,40809,3770,0,0
2502,2011,39344,4915,0,0
2502,2016,44572,4960,0,0
2505,2006,42540,1865,0,0
2505,2011,43131,2315,0,0
2505,2016,51798,2407,0,0
2506,2006,40085,2695,0,0
2506,2011,40566,3500,0,0
2506,2016,47962,3554,0,0
2508,2006,49521,3970,0,0
2508,2011,53607,5160,0,0
2508,2016,62250,5509,0,0
2515,2006,54133,5010,0,0
2515,2011,58645,6355,0,0
2515,2016,72588,6889,0,0
2516,2006,49506,2395,0,0
2516,2011,54074,3140,0,0
2516,2016,67172,3584,0,0
2517,2006,48072,5335,0,0
2517,2011,49437,7100,0,0
2517,2016,59638,7364,0,0
2518,2006,44173,7590,0,0
2518,2011,45658,9875,0,0
2518,2016,53232,10137,0,0
2519,2006,49468,6845,0,0
2519,2011,47891,8915,0,0
2519,2016,56822,9099,0,0
2525,2006,49033,4985,0,0
2525,2011,49646,6220,0,0
2525,2016,57930,6541,0,0
2526,2006,48767,7330,0,0
2526,2011,49846,8940,0,0
2526,2016,57531,8839,0,0
2527,2006,43984,8815,0,0
2527,2011,45078,11300,0,0
2527,2016,52451,11620,0,0
2528,2006,42129,8960,0,0
2528,2011,41597,11265,0,0
2528,2016,48714,10990,0,0
2529,2006,45269,8815,0,0
2529,2011,46939,12375,0,0
2529,2016,55893,14485,0,0
2530,2006,44102,12665,0,0
2530,2011,44249,16140,0,0
2530,2016,51604,17015,0,0
2533,2006,47951,6940,0,0
2533,2011,48385,9220,0,0
2533,2016,58254,9578,0,0
2534,2006,46203,2115,0,0
2534,2011,45314,2985,0,0
2534,2016,56343,3337,0,0
2535,2006,46074,2780,0,0
2535,2011,43092,3945,0,0
2535,2016,52282,4200,0,0
2536,2006,37617,6615,0,0
2536,2011,36516,9125,0,0
2536,2016,43001,9151,0,0
2537,2006,38063,4360,0,0
2537,2011,37612,6075,0,0
2537,2016,43297,6427,0,0
2538,2006,40956,890,0,0
2538,2011,36871,1245,0,0
2538,2016,46351,1341,0,0
2539,2006,36298,6210,0,0
2539,2011,33835,8860,0,0
2539,2016,40983,9445,0,0
2541,2006,39514,10325,0,0
2541,2011,39868,13020,0,0
2541,2016,46997,12879,0,0
2545,2006,34819,395,0,0
2545,2011,32236,570,0,0
2545,2016,40662,588,0,0
2546,2006,36568,3255,0,0
2546,2011,33763,4735,0,0
2546,2016,39435,4754,0,0
2548,2006,39666,3075,0,0
2548,2011,37539,4280,0,0
2548,2016,45131,4547,0,0
2549,2006,37242,1500,0,0
2549,2011,36889,2115,0,0
2549,2016,46021,2157,0,0
2550,2006,37684,6440,0,0
2550,2011,37525,8775,0,0
2550,2016,45051,9102,0,0
2551,2006,38333,1565,0,0
2551,2011,37899,1980,0,0
2551,2016,44522,1892,0,0
2555,2006,38907,110,0,0
2555,2011,40293,220,0,0
2555,2016,49051,140,0,0
2556,2006,46356,635,0,0
2556,2011,48759,1245,0,0
2556,2016,57830,1426,0,0
2557,2006,40718,800,1,800
2557,2011,44107,1715,1,1715
2557,2016,58858,4737,1,4737
2558,2006,40863,5230,0,0
2558,2011,43509,6385,0,0
2558,2016,51149,6370,0,0
2559,2006,33285,660,1,660
2559,2011,29513,1150,1,1150
2559,2016,41064,897,1,897
2560,2006,41591,32000,4,8000
2560,2011,43638,39670,4,9917
2560,2016,51093,39858,4,9964
2563,2006,39628,125,0,0
2563,2011,42206,175,0,0
2563,2016,56343,172,0,0
2564,2006,38335,5255,0,0
2564,2011,39721,6510,0,0
2564,2016,46072,6561,0,0
2565,2006,45102,7735,0,0
2565,2011,45941,9595,0,0
2565,2016,53592,11131,0,0
2566,2006,40338,11345,0,0
2566,2011,42985,13560,0,0
2566,2016,49966,14438,0,0
2567,2006,46717,14795,2,7397
2567,2011,50958,19500,2,9750
2567,2016,59961,22299,2,11149
2568,2006,49910,480,0,0
2568,2011,52009,650,0,0
2568,2016,59052,691,0,0
2569,2006,45828,670,0,0
2569,2011,48438,825,0,0
2569,2016,59276,835,0,0
2570,2006,49033,11665,0,0
2570,2011,51951,16845,0,0
2570,2016,63712,23394,0,0
2571,2006,47442,4405,0,0
2571,2011,49982,5830,0,0
2571,2016,61519,7030,0,0
2572,2006,44470,1735,0,0
2572,2011,47540,2250,0,0
2572,2016,56137,2379,0,0
2573,2006,41517,1825,0,0
2573,2011,42625,2535,0,0
2573,2016,51691,2635,0,0
2574,2006,43704,2220,0,0
2574,2011,45319,3015,0,0
2574,2016,53296,3210,0,0
2575,2006,45428,6075,0,0
2575,2011,45937,8000,0,0
2575,2016,55872,8979,0,0
2576,2006,57528,6075,1,6075
2576,2011,54044,7975,1,7975
2576,2016,66868,8347,1,8347
2577,2006,46913,6110,1,6110
2577,2011,46720,8185,1,8185
2577,2016,54961,8785,1,8785
2578,2006,44255,990,0,0
2578,2011,39143,1465,0,0
2578,2016,45635,1512,0,0
2579,2006,44053,1400,0,0
2579,2011,42875,2010,0,0
2579,2016,51419,2246,0,0
2580,2006,41653,11225,0,0
2580,2011,43184,14725,0,0
2580,2016,51126,15580,0,0
2581,2006,41978,800,0,0
2581,2011,46563,1100,0,0
2581,2016,54569,1239,0,0
2582,2006,49143,4755,1,4755
2582,2011,52816,6985,1,6985
2582,2016,62712,7492,1,7492
2583,2006,36557,1650,0,0
2583,2011,38160,2485,0,0
2583,2016,44090,2510,0,0
2584,2006,34096,195,0,0
2584,2011,40647,290,0,0
2584,2016,44567,312,0,0
2585,2006,38363,110,0,0
2585,2011,38892,150,0,0
2585,2016,52706,146,0,0
2586,2006,34740,905,0,0
2586,2011,38261,1340,0,0
2586,2016,43517,1388,0,0
2587,2006,38362,1200,0,0
2587,2011,36805,1490,0,0
2587,2016,47328,1466,0,0
2588,2006,35213,170,0,0
2588,2011,42343,230,0,0
2588,2016,66219,224,0,0
2590,2006,38928,2960,0,0
2590,2011,40214,3855,0,0
2590,2016,45919,3768,0,0
2594,2006,36950,4605,0,0
2594,2011,37965,6065,0,0
2594,2016,45756,6016,0,0
2619,2006,59220,4690,0,0
2619,2011,69101,5755,0,0
2619,2016,79907,6055,0,0
2621,2006,53336,2435,0,0
2621,2011,60553,3465,0,0
2621,2016,72253,3859,0,0
2622,2006,46498,1225,0,0
2622,2011,40025,1930,0,0
2622,2016,49287,2160,0,0
2623,2006,42185,240,0,0
2623,2011,47137,355,0,0
2623,2016,49964,343,0,0
2624,2006,34937,75,0,0
2624,2016,36368,55,0,0
2625,2006,51768,155,0,0
2625,2011,38433,180,0,0
2625,2016,47723,192,0,0
2626,2006,38372,175,0,0
2626,2011,50577,280,0,0
2626,2016,53421,296,0,0
2627,2006,40227,1715,0,0
2627,2011,42686,2370,0,0
2627,2016,49052,2806,0,0
2628,2006,37216,690,0,0
2628,2011,37934,945,0,0
2628,2016,45893,1036,0,0
2629,2006,37410,155,0,0
2629,2011,35178,270,0,0
2629,2016,39234,287,0,0
2630,2006,40942,4030,0,0
2630,2011,42396,4955,0,0
2630,2016,48963,4910,0,0
2631,2006,36898,255,0,0
2631,2011,41675,335,0,0
2631,2016,54954,338,0,0
2632,2006,38787,910,0,0
2632,2011,40205,1100,0,0
2632,2016,49550,1079,0,0
2633,2006,33664,185,0,0
2633,2011,34494,220,0,0
2633,2016,45407,207,0,0
2640,2006,45750,14855,3,4951
2640,2011,46718,19375,3,6458
2640,2016,54199,21079,3,7026
2641,2006,39259,7370,2,3685
2641,2011,39541,8835,2,4417
2641,2016,44504,8015,2,4007
2642,2006,40422,2155,0,0
2642,2011,41091,2885,0,0
2642,2016,47681,2944,0,0
2643,2006,39569,1080,0,0
2643,2011,37388,1415,0,0
2643,2016,42920,1501,0,0
2644,2006,40589,1080,0,0
2644,2011,42412,1415,0,0
2644,2016,48746,1397,0,0
2645,2006,33890,175,0,0
2645,2011,42794,255,0,0
2645,2016,51073,228,0,0
2646,2006,39990,3275,0,0
2646,2011,40032,4030,0,0
2646,2016,46511,3889,0,0
2647,2006,36656,970,0,0
2647,2011,38434,1175,0,0
2647,2016,43352,1207,0,0
2648,2006,34084,990,0,0
2648,2011,34411,1235,0,0
2648,2016,41446,1213,0,0
2650,2006,42969,24795,4,6198
2650,2011,45620,31745,4,7936
2650,2016,54599,32602,4,8150
2651,2006,35130,920,0,0
2651,2011,41752,1095,0,0
2651,2016,50030,1108,0,0
2652,2006,36226,2145,0,0
2652,2011,40170,2835,0,0
2652,2016,47733,2823,0,0
2653,2006,41436,1025,0,0
2653,2011,40489,1330,0,0
2653,2016,47368,1354,0,0
2655,2006,38640,585,0,0
2655,2011,40742,790,0,0
2655,2016,46460,786,0,0
2656,2006,35852,580,0,0
2656,2011,42606,735,0,0
2656,2016,52010,710,0,0
2658,2006,35115,585,0,0
2658,2011,36129,765,0,0
2658,2016,43524,710,0,0
2659,2006,38326,420,0,0
2659,2011,35341,520,0,0
2659,2016,42618,524,0,0
2660,2006,38085,685,1,685
2660,2011,36613,830,1,830
2660,2016,44871,850,1,850
2663,2006,39505,1630,1,1630
2663,2011,41337,2145,1,2145
2663,2016,46925,2223,1,2223
2665,2006,33662,870,0,0
2665,2011,38496,1250,0,0
2665,2016,45612,1203,0,0
2666,2006,36242,2210,1,2210
2666,2011,37322,2960,1,2960
2666,2016,46101,3035,1,3035
2668,2006,35454,165,0,0
2668,2011,41042,220,0,0
2668,2016,44654,221,0,0
2669,2006,33288,665,0,0
2669,2011,40757,1045,0,0
2669,2016,45641,952,0,0
2671,2006,40631,1810,0,0
2671,2011,41760,2265,0,0
2671,2016,48674,2196,0,0
2672,2006,38435,635,0,0
2672,2011,40495,865,0,0
2672,2016,47800,807,0,0
2675,2006,36308,670,0,0
2675,2011,39722,930,0,0
2675,2016,45792,993,0,0
2680,2006,40388,10770,0,0
2680,2011,40157,13575,0,0
2680,2016,49065,14428,0,0
2681,2006,40545,845,0,0
2681,2011,49192,980,0,0
2681,2016,46532,957,0,0
2700,2006,37828,2080,0,0
2700,2011,36851,2655,0,0
2700,2016,45054,2550,0,0
2701,2006,38620,895,0,0
2701,2011,43801,1230,0,0
2701,2016,52725,1294,0,0
2702,2006,31450,285,0,0
2702,2011,39570,380,0,0
2702,2016,48565,388,0,0
2703,2006,39953,370,0,0
2703,2011,35082,445,0,0
2703,2016,42889,406,0,0
2705,2006,38873,4425,0,0
2705,2011,38556,5590,0,0
2705,2016,46587,5684,0,0
2706,2006,39889,525,0,0
2706,2011,38555,645,0,0
2706,2016,44439,627,0,0
2707,2006,34418,780,0,0
2707,2011,35248,875,0,0
2707,2016,46799,882,0,0
2710,2006,38090,4480,1,4480
2710,2011,37401,5800,1,5800
2710,2016,42786,5849,1,5849
2711,2006,35607,1545,0,0
2711,2011,36689,1765,0,0
2711,2016,44479,1923,0,0
2712,2006,38970,585,0,0
2712,2011,34449,755,0,0
2712,2016,43356,742,0,0
2713,2006,37003,1295,1,1295
2713,2011,33167,1630,1,1630
2713,2016,39994,1595,1,1595
2714,2006,38108,1005,0,0
2714,2011,34609,1375,0,0
2714,2016,43366,1391,0,0
2715,2006,34652,640,0,0
2715,2011,39700,810,0,0
2715,2016,46785,795,0,0
2716,2006,37937,595,0,0
2716,2011,37483,695,0,0
2716,2016,47427,706,0,0
2717,2006,33604,520,0,0
2717,2011,33699,635,0,0
2717,2016,42497,590,0,0
2720,2006,42245,3490,1,3490
2720,2011,44530,4355,1,4355
2720,2016,51922,4346,1,4346
2721,2006,33247,110,0,0
2721,2011,37043,140,0,0
2721,2016,45172,115,0,0
2722,2006,37670,1355,0,0
2722,2011,38680,1800,0,0
2722,2016,47611,1740,0,0
2725,2006,32097,135,0,0
2725,2011,37563,185,0,0
2725,2016,45549,168,0,0
2726,2006,35094,95,0,0
2726,2011,35871,160,0,0
2726,2016,45128,167,0,0
2727,2006,33224,160,0,0
2727,2011,40948,230,0,0
2727,2016,52868,218,0,0
2729,2006,43292,755,0,0
2729,2011,41540,910,0,0
2729,2016,50361,912,0,0
2730,2006,37460,675,0,0
2730,2011,36453,820,0,0
2730,2016,41969,812,0,0
2731,2006,38929,2240,0,0
2731,2011,37998,3200,0,0
2731,2016,47775,3460,0,0
2732,2006,36275,825,0,0
2732,2011,34082,1025,0,0
2732,2016,40261,1034,0,0
2733,2006,36484,295,0,0
2733,2011,32659,355,0,0
2733,2016,43771,338,0,0
2734,2006,31818,60,0,0
2734,2016,46076,118,0,0
2735,2006,29820,135,0,0
2735,2011,27551,185,0,0
2735,2016,32058,176,0,0
2736,2006,34462,160,0,0
2736,2011,32500,230,0,0
2736,2016,39674,200,0,0
2737,2006,37184,315,0,0
2737,2011,36602,375,0,0
2737,2016,48510,436,0,0
2738,2006,44457,565,0,0
2738,2011,43455,790,0,0
2738,2016,53352,889,0,0
2739,2006,40644,510,0,0
2739,2011,36617,715,0,0
2739,2016,48699,671,0,0
2745,2006,47917,12075,0,0
2745,2011,52471,15210,0,0
2745,2016,62614,17448,0,0
2747,2006,41024,15210,0,0
2747,2011,44287,19005,0,0
2747,2016,53240,23029,0,0
2748,2006,51988,1270,0,0
2748,2011,51895,1495,0,0
2748,2016,66440,1377,0,0
2749,2006,43781,7000,0,0
2749,2011,46889,9035,0,0
2749,2016,57692,9706,0,0
2750,2006,44255,20380,3,6793
2750,2011,47203,24485,3,8161
2750,2016,55273,24711,3,8237
2752,2006,43167,2240,0,0
2752,2011,46255,2815,0,0
2752,2016,57005,3007,0,0
2753,2006,43753,7365,0,0
2753,2011,45955,9475,0,0
2753,2016,54962,9883,0,0
2754,2006,44539,2600,0,0
2754,2011,45984,3270,0,0
2754,2016,53696,3308,0,0
2756,2006,44594,15125,1,15125
2756,2011,46417,19005,1,19005
2756,2016,57338,20196,1,20196
2757,2006,43796,480,0,0
2757,2011,43649,580,0,0
2757,2016,57998,564,0,0
2758,2006,49198,3980,0,0
2758,2011,47898,5145,0,0
2758,2016,58769,5466,0,0
2759,2006,42509,13940,1,13940
2759,2011,45758,16475,1,16475
2759,2016,54259,16119,1,16119
2760,2006,39507,10185,1,10185
2760,2011,41721,14040,1,14040
2760,2016,49389,17016,1,17016
2761,2006,40357,11750,0,0
2761,2011,43893,15120,0,0
2761,2016,51562,17265,0,0
2762,2006,42908,1810,0,0
2762,2011,46869,2210,0,0
2762,2016,57904,2993,0,0
2763,2006,44310,13885,1,13885
2763,2011,48363,17485,1,17485
2763,2016,56163,18004,1,18004
2765,2006,44306,6370,1,6370
2765,2011,45523,8085,1,8085
2765,2016,59454,8825,1,8825
2766,2006,41087,5710,0,0
2766,2011,43077,7685,0,0
2766,2016,50585,8328,0,0
2767,2006,40513,7960,1,7960
2767,2011,43272,10630,1,10630
2767,2016,51620,12350,1,12350
2768,2006,48200,9955,0,0
2768,2011,53138,14470,0,0
2768,2016,61592,15783,0,0
2770,2006,37744,19955,1,19955
2770,2011,37523,26645,1,26645
2770,2016,45640,26194,1,26194
2773,2006,53533,3165,0,0
2773,2011,56906,3725,0,0
2773,2016,68421,3757,0,0
2774,2006,48888,6500,1,6500
2774,2011,51136,7800,1,7800
2774,2016,59983,7807,1,7807
2775,2006,41860,490,0,0
2775,2011,53360,695,0,0
2775,2016,54497,798,0,0
2776,2006,49064,2040,0,0
2776,2011,48338,2475,0,0
2776,2016,58728,2482,0,0
2777,2006,47811,8810,2,4405
2777,2011,49327,10680,2,5340
2777,2016,57665,10537,2,5268
2778,2006,47202,1175,0,0
2778,2011,48135,1450,0,0
2778,2016,57471,1480,0,0
2779,2006,43760,2065,0,0
2779,2011,45542,2640,0,0
2779,2016,52382,2780,0,0
2780,2006,42805,5240,0,0
2780,2011,42111,7000,0,0
2780,2016,48505,7328,0,0
2782,2006,46060,2625,0,0
2782,2011,45229,3300,0,0
2782,2016,56559,3402,0,0
2783,2006,42267,1155,1,1155
2783,2011,42990,1450,1,1450
2783,2016,49701,1527,1,1527
2784,2006,46206,505,0,0
2784,2011,45628,660,0,0
2784,2016,52476,719,0,0
2785,2006,43156,1910,0,0
2785,2011,45719,2515,0,0
2785,2016,49940,2639,0,0
2786,2006,43338,460,0,0
2786,2011,44526,610,0,0
2786,2016,46873,650,0,0
2787,2006,41668,1890,0,0
2787,2011,42317,2430,0,0
2787,2016,49686,2382,0,0
2790,2006,45491,5880,1,5880
2790,2011,49734,7495,1,7495
2790,2016,53367,7299,1,7299
2791,2006,41867,120,0,0
2791,2011,41006,180,0,0
2791,2016,51043,175,0,0
2792,2006,49780,130,0,0
2792,2011,45629,205,0,0
2792,2016,53351,190,0,0
2793,2006,38997,315,0,0
2793,2011,42795,455,0,0
2793,2016,49199,454,0,0
2794,2006,37918,4295,1,4295
2794,2011,37639,5540,1,5540
2794,2016,43086,5475,1,5475
2795,2006,43413,16440,1,16440
2795,2011,45446,21675,1,21675
2795,2016,53635,22232,1,22232
2797,2006,36290,180,0,0
2797,2011,40196,220,0,0
2797,2016,38844,234,0,0
2798,2006,44862,840,0,0
2798,2011,49776,1180,0,0
2798,2016,61258,1203,0,0
2799,2006,39394,1485,0,0
2799,2011,43703,2050,0,0
2799,2016,48755,2123,0,0
2800,2006,44607,17895,2,8947
2800,2011,47887,23545,2,11772
2800,2016,56387,24534,2,12267
2803,2006,35456,110,0,0
2803,2011,35701,165,0,0
2803,2016,39867,152,0,0
2804,2006,35480,1015,0,0
2804,2011,34872,1390,0,0
2804,2016,44925,1333,0,0
2805,2006,31072,125,0,0
2805,2011,33447,210,0,0
2805,2016,49297,210,0,0
2806,2006,35918,335,0,0
2806,2011,34897,480,0,0
2806,2016,48282,464,0,0
2807,2006,28870,125,0,0
2807,2011,33623,155,0,0
2807,2016,49347,176,0,0
2808,2006,34524,60,0,0
2808,2011,32752,45,0,0
2808,2016,40611,56,0,0
2809,2006,30739,70,0,0
2809,2011,32715,110,0,0
2809,2016,48549,116,0,0
2810,2006,34778,1205,0,0
2810,2011,38297,1650,0,0
2810,2016,47596,1636,0,0
2820,2006,36840,2275,1,2275
2820,2011,37535,3165,1,3165
2820,2016,44412,3067,1,3067
2821,2006,37352,2090,1,2090
2821,2011,38802,2660,1,2660
2821,2016,45736,2521,1,2521
2823,2006,38455,590,0,0
2823,2011,41201,760,0,0
2823,2016,45189,777,0,0
2824,2006,38289,1065,0,0
2824,2011,40856,1315,0,0
2824,2016,53177,1221,0,0
2825,2006,39567,1015,0,0
2825,2011,45253,1315,0,0
2825,2016,54220,1341,0,0
2827,2006,38003,1410,0,0
2827,2011,40271,1935,0,0
2827,2016,44187,1853,0,0
2828,2006,39268,330,0,0
2828,2011,38942,375,0,0
2828,2016,45201,372,0,0
2829,2006,37949,1250,0,0
2829,2011,43119,1635,0,0
2829,2016,44607,1455,0,0
2830,2006,41957,16950,4,4237
2830,2011,43848,21705,4,5426
2830,2016,51468,22813,4,5703
2831,2006,37005,1510,0,0
2831,2011,37001,1890,0,0
2831,2016,42233,1490,0,0
2832,2006,39584,1000,0,0
2832,2011,40236,1370,0,0
2832,2016,28470,1228,0,0
2833,2006,37039,255,0,0
2833,2011,40559,295,0,0
2833,2016,34845,238,0,0
2834,2006,33433,665,0,0
2834,2011,33792,880,0,0
2834,2016,36621,842,0,0
2835,2006,49611,1945,0,0
2835,2011,54316,2320,0,0
2835,2016,65033,2209,0,0
2836,2006,40275,215,0,0
2836,2011,45857,330,0,0
2836,2016,51549,303,0,0
2839,2006,38649,390,0,0
2839,2011,42968,505,0,0
2839,2016,46057,459,0,0
2840,2006,39465,1150,2,575
2840,2011,41511,1465,2,732
2840,2016,48712,1313,2,656
2842,2006,32813,230,0,0
2842,2011,31309,295,0,0
2842,2016,32354,291,0,0
2843,2006,51788,460,0,0
2843,2011,36703,690,0,0
2843,2016,39465,692,0,0
2844,2006,40200,515,0,0
2844,2011,36888,670,0,0
2844,2016,47556,628,0,0
2845,2006,48587,765,0,0
2845,2011,52833,980,0,0
2845,2016,53335,1019,0,0
2846,2006,41381,75,0,0
2846,2011,39322,120,0,0
2846,2016,38779,130,0,0
2847,2006,46342,850,0,0
2847,2011,50043,1085,0,0
2847,2016,51164,1070,0,0
2848,2006,45826,445,0,0
2848,2011,43075,605,0,0
2848,2016,42786,528,0,0
2849,2006,43467,610,0,0
2849,2011,40400,825,0,0
2849,2016,42911,782,0,0
2850,2006,40801,6055,0,0
2850,2011,44253,8825,0,0
2850,2016,54475,9362,0,0
2852,2006,38946,1220,0,0
2852,2011,44037,1740,0,0
2852,2016,49283,1652,0,0
2864,2006,37281,370,0,0
2864,2011,42081,495,0,0
2864,2016,48183,465,0,0
2865,2006,39114,360,0,0
2865,2011,41808,450,0,0
2865,2016,47053,475,0,0
2866,2006,40348,1175,0,0
2866,2011,40775,1575,0,0
2866,2016,48016,1629,0,0
2867,2006,33017,250,0,0
2867,2011,35278,360,0,0
2867,2016,43355,322,0,0
2868,2006,39127,265,0,0
2868,2011,41068,330,0,0
2868,2016,45551,321,0,0
2869,2006,33396,495,0,0
2869,2011,34808,715,0,0
2869,2016,40068,698,0,0
2870,2006,39122,4860,1,4860
2870,2011,42444,6345,1,6345
2870,2016,49872,6243,1,6243
2871,2006,37562,3475,1,3475
2871,2011,37880,4665,1,4665
2871,2016,50888,4782,1,4782
2873,2006,37244,270,0,0
2873,2011,40277,410,0,0
2873,2016,45735,375,0,0
2874,2006,32129,180,0,0
2874,2011,37101,270,0,0
2874,2016,41737,248,0,0
2875,2006,34130,355,0,0
2875,2011,36634,520,0,0
2875,2016,39408,484,0,0
2876,2006,30131,160,0,0
2876,2011,33209,235,0,0
2876,2016,36833,251,0,0
2877,2006,36706,1485,0,0
2877,2011,38508,2130,0,0
2877,2016,44120,1978,0,0
2878,2006,37114,115,0,0
2878,2011,46017,180,0,0
2878,2016,61715,180,0,0
2879,2006,37820,210,0,0
2879,2011,42071,290,0,0
2879,2016,53280,215,0,0
2880,2006,42266,6975,1,6975
2880,2011,44150,8985,1,8985
2880,2016,53226,8794,1,8794
2898,2006,42972,215,0,0
2898,2011,42422,265,0,0
2898,2016,49156,297,0,0
2052,2011,26245,185,0,0
2052,2016,26790,133,0,0
2308,2011,26719,85,0,0
2308,2016,22119,136,0,0
2351,2011,34013,110,1,110
2351,2016,36028,72,1,72
2661,2011,56384,130,0,0
2661,2016,66017,133,0,0
2769,2011,61815,1760,0,0
2769,2016,69577,6574,0,0
2356,2016,30891,60,0,0
2398,2016,83400,138,0,0
2406,2016,58643,460,0,0
2411,2016,45382,68,0,0
2540,2016,46331,21813,0,0
2611,2016,70543,17714,1,17714
2620,2016,63894,24035,1,24035
2899,2016,27869,224,0,0
3644,2016,44717,4768,1,4768
